entity_name,entity_type,country,aum_usd,contact_count,transaction_count,completeness_score,red_flags
ACON Investments,Asset Manager,United States,36200000,1,0,0.8235,no_transactions_or_rfps
AE Industrial Partners,Asset Manager,United States,3305200000,1,0,0.8235,no_transactions_or_rfps
Adams Street Partners LLC,Asset Manager,United States,58000000000,1,0,0.7941,no_transactions_or_rfps
ABS Investment Management LLC,Asset Manager,United States,7400000000,1,0,0.7647,no_transactions_or_rfps
Abner Herrman & Brock,Asset Manager,United States,1732567039,1,0,0.7647,no_transactions_or_rfps
Advent International,Asset Manager,United States,76156413908,1,0,0.7647,no_transactions_or_rfps
Abenex Capital,Asset Manager,France,1601235000,1,0,0.7353,no_transactions_or_rfps
Acadian Asset Management,Asset Manager,United States,116160751772,1,0,0.7353,no_transactions_or_rfps
Accel-KKR,Asset Manager,United States,9797710000,1,0,0.7353,no_transactions_or_rfps
Apax Partners LLP,Asset Manager,United Kingdom,65000000000,1,0,0.7353,no_transactions_or_rfps
Aragon Global Management,Family Office,United States,120000000,1,0,0.7059,no_transactions_or_rfps
Hunter Lewis LLC,Family Office,United States,204000000,1,0,0.7059,no_transactions_or_rfps
"Altaris Capital Partners, LLC",Asset Manager,United States,5043187587,1,0,0.7059,no_transactions_or_rfps
American Industrial Partners,Asset Manager,United States,8409185642,1,0,0.7059,no_transactions_or_rfps
"Angelo, Gordon & Co.",Asset Manager,United States,74642267876,1,0,0.7059,no_transactions_or_rfps
Antares Capital,Asset Manager,United States,32267760004,1,0,0.7059,no_transactions_or_rfps
Arclight Capital Partners LLC,Asset Manager,United States,9599320629,1,0,0.7059,no_transactions_or_rfps
Arctos Sports Partners,Asset Manager,United States,866169522,1,0,0.7059,no_transactions_or_rfps
Asia Alternatives Management,Asset Manager,United States,16646743883,1,0,0.7059,no_transactions_or_rfps
ABRY Partners,Asset Manager,United States,13008136338,1,0,0.6765,no_transactions_or_rfps
ASB Capital Management LLC,Asset Manager,United States,32464614170,1,0,0.6765,no_transactions_or_rfps
Abbott Capital Management LLC,Asset Manager,United States,10600000000,1,0,0.6765,no_transactions_or_rfps
Abingworth,Asset Manager,United Kingdom,2000000000,1,0,0.6765,no_transactions_or_rfps
Alinda Capital Partners LLC,Asset Manager,United States,4651463171,1,0,0.6765,no_transactions_or_rfps
Altas Partners LP,Asset Manager,Canada,6900000000,1,0,0.6765,no_transactions_or_rfps
Alternative Investment Capital Limited,Asset Manager,Japan,7130000000,1,0,0.6765,no_transactions_or_rfps
American Century Investments,Asset Manager,United States,201000000000,1,0,0.6765,no_transactions_or_rfps
Amwal Capital Partners,Asset Manager,United Arab Emirates,2000000000,1,0,0.6765,no_transactions_or_rfps
Aquiline Capital Partners LLC,Asset Manager,United States,6100000000,1,0,0.6765,no_transactions_or_rfps
Ares Management,Asset Manager,United States,418800000000,1,0,0.6765,no_transactions_or_rfps
Arrowstreet Capital,Asset Manager,United States,138000000000,1,0,0.6765,no_transactions_or_rfps
Access Holdings,Asset Manager,United States,1800000000,1,0,0.6471,no_transactions_or_rfps
Adelis Equity Partners,Asset Manager,Sweden,2175140000,1,0,0.6471,no_transactions_or_rfps
Aether Investment Partners,Asset Manager,United States,1374668022,1,0,0.6471,no_transactions_or_rfps
Affinity Partners,Asset Manager,United States,2539486916,1,0,0.6471,no_transactions_or_rfps
Al Mal Capital,Asset Manager,United Arab Emirates,435539200,1,0,0.6471,no_transactions_or_rfps
Albright Capital Management LLC,Asset Manager,United States,429700000,1,0,0.6471,no_transactions_or_rfps
Alcuin Capital Partners,Asset Manager,United Kingdom,145000000000,1,0,0.6471,no_transactions_or_rfps
American Pacific Group,Asset Manager,United States,450000000,1,0,0.6471,no_transactions_or_rfps
Ancala Partners,Asset Manager,United Kingdom,3999044000,1,0,0.6471,no_transactions_or_rfps
Arbour Lane Capital Management,Asset Manager,United States,2337209472,1,0,0.6471,no_transactions_or_rfps
Arcapita Group,Asset Manager,Bahrain,245500000,1,0,0.6471,no_transactions_or_rfps
Ardevora Asset Management,Asset Manager,United Kingdom,9646560000,1,0,0.6471,no_transactions_or_rfps
Ardian,Asset Manager,France,164000000000,1,0,0.6471,no_transactions_or_rfps
"Ariel Investments, LLC",Asset Manager,United States,17426654825,1,0,0.6471,no_transactions_or_rfps
Aristotle Capital Management,Asset Manager,United States,49666660464,1,0,0.6471,no_transactions_or_rfps
Arlington Capital Partners,Asset Manager,United States,3300000000,1,0,0.6471,no_transactions_or_rfps
"Ashfield Capital Partners, LLC",Asset Manager,United States,1483644160,1,0,0.6471,no_transactions_or_rfps
Ashford Capital Management,Asset Manager,United States,1228267534,1,0,0.6471,no_transactions_or_rfps
1607 Capital Partners,Asset Manager,United States,4620000000,1,0,0.6176,no_transactions_or_rfps
17Capital,Asset Manager,United Kingdom,11000000000,1,0,0.6176,no_transactions_or_rfps
Actera Group,Asset Manager,Turkey,3300000000,1,0,0.6176,no_transactions_or_rfps
Addenda Capital,Asset Manager,Canada,29066849567,1,0,0.6176,no_transactions_or_rfps
Aditum Investment Management,Asset Manager,United Arab Emirates,5000000000,1,0,0.6176,no_transactions_or_rfps
Agincourt Capital Management,Asset Manager,United States,7726621937,1,0,0.6176,no_transactions_or_rfps
Alcyon Capital,Asset Manager,United Kingdom,5500000000,1,0,0.6176,no_transactions_or_rfps
Altamont Capital Partners,Asset Manager,United States,4500000000,1,0,0.6176,no_transactions_or_rfps
Alvarium Tiedemann Holdings,Asset Manager,United States,61200000000,1,0,0.6176,no_transactions_or_rfps
Antarctica Capital,Asset Manager,United States,1489222236,1,0,0.6176,no_transactions_or_rfps
Arcmont Asset Management,Asset Manager,United Kingdom,32005560000,1,0,0.6176,no_transactions_or_rfps
ArrowMark Partners,Asset Manager,United States,21000000000,1,0,0.6176,no_transactions_or_rfps
Astorg Partners,Asset Manager,France,9093360000,1,0,0.6176,no_transactions_or_rfps
Agilitas Private Equity,Asset Manager,United Kingdom,67750000,1,0,0.5882,no_transactions_or_rfps
Albemarle Asset Management,Asset Manager,United Kingdom,297340680,1,0,0.5882,no_transactions_or_rfps
Albion Capital Group,Asset Manager,United Kingdom,1166240000,1,0,0.5882,no_transactions_or_rfps
Appian Capital Advisory1,Asset Manager,United Kingdom,2060000000,1,0,0.5882,no_transactions_or_rfps
Arohi Asset Management,Asset Manager,Singapore,500000000,1,0,0.5882,no_transactions_or_rfps
A2E Industries,Asset Manager,United Kingdom,40400000,1,0,0.5588,no_transactions_or_rfps
ARIE Capital,Asset Manager,United Kingdom,500000000,1,0,0.5588,no_transactions_or_rfps
Aquilo Capital Management LLC,Asset Manager,United Kingdom,442000000,1,0,0.5588,no_transactions_or_rfps
Argyle Street Management Limited,Asset Manager,Hong Kong,1500000000,1,0,0.5588,no_transactions_or_rfps
Arjun Infrastructure Partners,Asset Manager,United Kingdom,6070020000,1,0,0.5588,no_transactions_or_rfps
Artico Partners,Asset Manager,Switzerland,283262500,1,0,0.5588,no_transactions_or_rfps
Arisaig Partners,Asset Manager,Singapore,4000000000,1,0,0.5294,no_transactions_or_rfps
Norway Government Pension Fund Global,Sovereign Wealth Fund,Norway,1648082769953,20,0,0.4349,no_transactions_or_rfps
Public Investment Fund,Sovereign Wealth Fund,Saudi Arabia,925000000000,11,0,0.4127,no_transactions_or_rfps
New Mexico State Investment Council,Sovereign Wealth Fund,United States,43142349957,11,0,0.4098,no_transactions_or_rfps
Abu Dhabi Investment Authority,Sovereign Wealth Fund,United Arab Emirates,993000000000,18,0,0.4038,no_transactions_or_rfps
Khazanah Nasional,Sovereign Wealth Fund,Malaysia,29168091000,20,0,0.4009,no_transactions_or_rfps
Future Fund,Sovereign Wealth Fund,Australia,144174517500,19,0,0.3891,no_transactions_or_rfps
Temasek Holdings,Sovereign Wealth Fund,Singapore,492208248000,20,0,0.3802,no_transactions_or_rfps
Kuwait Investment Authority,Sovereign Wealth Fund,Kuwait,923450000000,20,0,0.3772,no_transactions_or_rfps
New Zealand Superannuation Fund,Sovereign Wealth Fund,New Zealand,39722187566,16,0,0.3757,no_transactions_or_rfps
Harvard Management Company,Endowment,United States,72781329000,1,0,0.3707,no_transactions_or_rfps
GIC Private Limited,Sovereign Wealth Fund,Singapore,770000000000,20,0,0.3683,no_transactions_or_rfps
Korea Investment Corporation,Sovereign Wealth Fund,South Korea,189400000000,20,0,0.3683,no_transactions_or_rfps
Qatar Investment Authority,Sovereign Wealth Fund,Qatar,526050000000,20,0,0.3536,no_transactions_or_rfps
China Investment Corporation,Sovereign Wealth Fund,China,1350000000000,20,0,0.3521,no_transactions_or_rfps
Lewis & Clark College,Endowment,United States,616912898,1,0,0.3517,no_transactions_or_rfps
Texas Permanent School Fund,Sovereign Wealth Fund,United States,60956621624,1,0,0.3460,no_transactions_or_rfps
Fundo Soberano de Angola,Sovereign Wealth Fund,Angola,2165041000,9,0,0.3449,no_transactions_or_rfps
Mubadala Investment Company,Sovereign Wealth Fund,United Arab Emirates,138981238560,20,0,0.3432,no_transactions_or_rfps
City University of New York,Endowment,United States,10593569000,1,0,0.3425,no_transactions_or_rfps
Clemson University,Endowment,United States,1308176142,1,0,0.3384,no_transactions_or_rfps
Northern Illinois University Foundation,Endowment,United States,169253195,1,0,0.3308,no_transactions_or_rfps
Metropolitan Museum of Art of New York City,Endowment,United States,5614874000,1,0,0.3289,no_transactions_or_rfps
George Washington University,Endowment,United States,4991886000,1,0,0.3270,no_transactions_or_rfps
Shanghai Pudong Development Bank,Development Bank,China,1250353143117,1,0,0.3270,no_transactions_or_rfps
Columbia Theological Seminary,Endowment,United States,326341587,1,0,0.3266,no_transactions_or_rfps
Reserve Bank of Zimbabwe,Central Bank,Zimbabwe,8594815000,2,0,0.3255,no_transactions_or_rfps
Furman University,Endowment,United States,1300554863,1,0,0.3251,no_transactions_or_rfps
J. Paul Getty Trust,Endowment,United States,12542870000,1,0,0.3232,no_transactions_or_rfps
Austin College,Endowment,United States,294151852,1,0,0.3194,no_transactions_or_rfps
Drake University,Endowment,United States,538166489,1,0,0.3175,no_transactions_or_rfps
Massachusetts Institute of Technology Investment Management Company,Endowment,United States,38637992000,1,0,0.3175,no_transactions_or_rfps
Alaska Permanent Fund Corporation,Sovereign Wealth Fund,United States,77895400000,1,0,0.3156,no_transactions_or_rfps
Boston University,Endowment,United States,8321488000,1,0,0.3156,no_transactions_or_rfps
College of Wooster,Endowment,United States,567169021,1,0,0.3156,no_transactions_or_rfps
Loyola University New Orleans,Endowment,United States,541656000,1,0,0.3156,no_transactions_or_rfps
North Dakota State University Foundation,Endowment,United States,575942780,1,0,0.3156,no_transactions_or_rfps
Bentley University,Endowment,United States,753030000,1,0,0.3137,no_transactions_or_rfps
Colby College,Endowment,United States,2249032000,1,0,0.3137,no_transactions_or_rfps
Brunei Investment Agency,Sovereign Wealth Fund,Brunei,73000000000,11,0,0.3121,no_transactions_or_rfps
Bridgewater College,Endowment,United States,251135673,1,0,0.3118,no_transactions_or_rfps
Canisius College,Endowment,United States,289486779,1,0,0.3118,no_transactions_or_rfps
Alberta Investment Management Corporation,Sovereign Wealth Fund,Canada,123676336000,3,0,0.3100,no_transactions_or_rfps
Claremont Graduate University,Endowment,United States,282759045,1,0,0.3099,no_transactions_or_rfps
Connecticut College,Endowment,United States,690547000,1,0,0.3099,no_transactions_or_rfps
Fordham University,Endowment,United States,2407396000,1,0,0.3099,no_transactions_or_rfps
Georgia State University Foundation,Endowment,United States,466073205,1,0,0.3099,no_transactions_or_rfps
Georgian Court University,Endowment,United States,127824827,1,0,0.3080,no_transactions_or_rfps
Grand View University,Endowment,United States,119724601,1,0,0.3080,no_transactions_or_rfps
National Academy of Sciences,Endowment,United States,1716497000,1,0,0.3080,no_transactions_or_rfps
Ohio State University,Endowment,United States,18956388000,1,0,0.3080,no_transactions_or_rfps
Bank of Albania,Central Bank,Albania,5260780000,1,0,0.3080,no_transactions_or_rfps
International Finance Corporation,Development Bank,United States,112065000000,2,0,0.3076,no_transactions_or_rfps
Albion College,Endowment,United States,298448975,1,0,0.3061,no_transactions_or_rfps
California Lutheran University,Endowment,United States,401299846,1,0,0.3061,no_transactions_or_rfps
Mount Mercy University,Endowment,United States,108024860,1,0,0.3061,no_transactions_or_rfps
Notre Dame of Maryland University,Endowment,United States,148710189,1,0,0.3061,no_transactions_or_rfps
Cornell University,Endowment,United States,18221061000,1,0,0.3042,no_transactions_or_rfps
Duke University,Endowment,United States,28768187000,1,0,0.3023,no_transactions_or_rfps
Brown University,Endowment,United States,9426363000,1,0,0.3004,no_transactions_or_rfps
Carnegie Corporation of New York,Endowment,United States,4065280317,1,0,0.3004,no_transactions_or_rfps
Creighton University,Endowment,United States,1867264000,1,0,0.3004,no_transactions_or_rfps
Hanover College,Endowment,United States,246034374,1,0,0.3004,no_transactions_or_rfps
Marquette University,Endowment,United States,1939220000,1,0,0.2995,no_transactions_or_rfps
Berklee College of Music,Endowment,United States,854940175,1,0,0.2985,no_transactions_or_rfps
Grinnell College,Endowment,United States,2988513000,1,0,0.2985,no_transactions_or_rfps
John Brown University,Endowment,United States,277379358,1,0,0.2985,no_transactions_or_rfps
Dartmouth College,Endowment,United States,11663589000,1,0,0.2966,no_transactions_or_rfps
Hollins University,Endowment,United States,354377705,1,0,0.2966,no_transactions_or_rfps
Illinois Wesleyan University,Endowment,United States,432672024,1,0,0.2966,no_transactions_or_rfps
Johns Hopkins University,Endowment,United States,20325816000,1,0,0.2966,no_transactions_or_rfps
Lenoir-Rhyne University,Endowment,United States,270721083,1,0,0.2966,no_transactions_or_rfps
Loyola University Maryland,Endowment,United States,741218000,1,0,0.2966,no_transactions_or_rfps
Association of Universities for Research in Astronomy Inc.,Endowment,United States,116722000,1,0,0.2947,no_transactions_or_rfps
Hesston College,Endowment,United States,47175032,1,0,0.2947,no_transactions_or_rfps
Export and Investment Fund of Denmark,Sovereign Wealth Fund,Denmark,10066697,1,0,0.2929,no_transactions_or_rfps
Bates College,Endowment,United States,880484918,1,0,0.2928,no_transactions_or_rfps
"Center for Entrepreneurial and Financial Studies, Technische Universität München",Endowment,Germany,3600130,1,0,0.2928,no_transactions_or_rfps
Hamilton College,Endowment,United States,1710788000,1,0,0.2928,no_transactions_or_rfps
Mount Holyoke College,Endowment,United States,1439736000,1,0,0.2928,no_transactions_or_rfps
China Development Bank,Development Bank,China,2534803410518,1,0,0.2921,no_transactions_or_rfps
Brandeis University,Endowment,United States,1729109000,1,0,0.2909,no_transactions_or_rfps
Canadian Medical Protective Association,Endowment,Canada,4215358397,1,0,0.2909,no_transactions_or_rfps
Cleveland Institute of Music,Endowment,United States,104952218,1,0,0.2909,no_transactions_or_rfps
Gettysburg College,Endowment,United States,642270729,1,0,0.2909,no_transactions_or_rfps
Kalamazoo College,Endowment,United States,399538213,1,0,0.2909,no_transactions_or_rfps
Lipscomb University,Endowment,United States,484056410,1,0,0.2909,no_transactions_or_rfps
Memorial University of Newfoundland,Endowment,Canada,950465472,1,0,0.2909,no_transactions_or_rfps
Bank of Mauritius,Central Bank,Mauritius,7736130000,1,0,0.2909,no_transactions_or_rfps
Alabama Trust Fund,Sovereign Wealth Fund,United States,3674000000,6,0,0.2890,no_transactions_or_rfps
Nigeria Sovereign Investment Authority,Sovereign Wealth Fund,Nigeria,2422399466,1,0,0.2890,no_transactions_or_rfps
Caltech Investment Office,Endowment,United States,6336115000,1,0,0.2890,no_transactions_or_rfps
Case Western Reserve University,Endowment,United States,4261816000,1,0,0.2890,no_transactions_or_rfps
Kentucky Community & Technical College System,Endowment,United States,1461673000,1,0,0.2890,no_transactions_or_rfps
McPherson College,Endowment,United States,89653708,1,0,0.2890,no_transactions_or_rfps
New York Public Library,Endowment,United States,2532922000,1,0,0.2890,no_transactions_or_rfps
Bryn Mawr College,Endowment,United States,1532695000,1,0,0.2871,no_transactions_or_rfps
Carnegie Institution for Science,Endowment,United States,1305606000,1,0,0.2871,no_transactions_or_rfps
Elon University,Endowment,United States,1077733252,1,0,0.2871,no_transactions_or_rfps
Embry-Riddle Aeronautical University,Endowment,United States,1444488000,1,0,0.2871,no_transactions_or_rfps
ArtCenter College of Design,Endowment,United States,369339000,1,0,0.2852,no_transactions_or_rfps
Asbury Theological Seminary,Endowment,United States,19522457,1,0,0.2852,no_transactions_or_rfps
Colorado College,Endowment,United States,1399097000,1,0,0.2852,no_transactions_or_rfps
Johnson & Wales University,Endowment,United States,812365000,1,0,0.2852,no_transactions_or_rfps
Lewis University,Endowment,United States,274262220,1,0,0.2852,no_transactions_or_rfps
Middlebury College,Endowment,United States,2000471000,1,0,0.2852,no_transactions_or_rfps
Oman Investment Authority,Sovereign Wealth Fund,Oman,6000000000,13,0,0.2840,no_transactions_or_rfps
Belmont University,Endowment,United States,1474473117,1,0,0.2833,no_transactions_or_rfps
Chapman University,Endowment,United States,2207208000,1,0,0.2833,no_transactions_or_rfps
Elizabethtown College,Endowment,United States,232746641,1,0,0.2833,no_transactions_or_rfps
Hood College of Frederick,Endowment,United States,239172984,1,0,0.2833,no_transactions_or_rfps
Indiana Institute of Technology,Endowment,United States,320737366,1,0,0.2833,no_transactions_or_rfps
Loyola Marymount University,Endowment,United States,1676231000,1,0,0.2833,no_transactions_or_rfps
Oberlin College,Endowment,United States,1902143000,1,0,0.2833,no_transactions_or_rfps
Church Pension Fund,Endowment,United States,17390378929,1,0,0.2814,no_transactions_or_rfps
Harding University,Endowment,United States,477293212,1,0,0.2814,no_transactions_or_rfps
MFB Hungarian Development Bank Private Limited Company,Development Bank,Hungary,8652068233,1,0,0.2814,no_transactions_or_rfps
Amundi,Asset Manager,France,28086873225,1,0,0.2814,no_transactions_or_rfps
Bellarmine University,Endowment,United States,217471957,1,0,0.2795,no_transactions_or_rfps
Bowdoin College,Endowment,United States,3102956000,1,0,0.2795,no_transactions_or_rfps
Emory University,Endowment,United States,20174383000,1,0,0.2795,no_transactions_or_rfps
Lebanese American University,Endowment,Lebanon,1163290000,1,0,0.2795,no_transactions_or_rfps
North Central College,Endowment,United States,360900664,1,0,0.2795,no_transactions_or_rfps
National Louis University,Endowment,United States,128972894,1,0,0.2790,no_transactions_or_rfps
Brigham Young University,Endowment,United States,6849797000,1,0,0.2776,no_transactions_or_rfps
Industrial Bank of Kuwait,Development Bank,Kuwait,2447233038,1,0,0.2776,no_transactions_or_rfps
Alverno College,Endowment,United States,116321822,1,0,0.2757,no_transactions_or_rfps
Berry College,Endowment,United States,1464693687,1,0,0.2757,no_transactions_or_rfps
Carleton College,Endowment,United States,1727307245,1,0,0.2757,no_transactions_or_rfps
Centre College of Kentucky,Endowment,United States,14241810,1,0,0.2757,no_transactions_or_rfps
Colgate University,Endowment,United States,1947876000,1,0,0.2757,no_transactions_or_rfps
Columbia University in the City of New York,Endowment,United States,23594888000,1,0,0.2757,no_transactions_or_rfps
Drexel University,Endowment,United States,2972633000,1,0,0.2757,no_transactions_or_rfps
Franklin College,Endowment,United States,144719563,1,0,0.2757,no_transactions_or_rfps
Ithaca College,Endowment,United States,835496702,1,0,0.2757,no_transactions_or_rfps
Linfield College,Endowment,United States,308659467,1,0,0.2757,no_transactions_or_rfps
Pace University,Endowment,United States,1138059181,1,0,0.2757,no_transactions_or_rfps
Samruk-Kazyna,Sovereign Wealth Fund,Kazakhstan,77365819805,1,0,0.2738,no_transactions_or_rfps
Amherst College,Endowment,United States,4672446275,1,0,0.2738,no_transactions_or_rfps
California Institute of the Arts,Endowment,United States,340656403,1,0,0.2738,no_transactions_or_rfps
College of the Holy Cross,Endowment,United States,1609955000,1,0,0.2738,no_transactions_or_rfps
Curators of the University of Missouri,Endowment,United States,10319842000,1,0,0.2738,no_transactions_or_rfps
Heidelberg University,Endowment,United States,173786073,1,0,0.2738,no_transactions_or_rfps
Illinois College,Endowment,United States,209575924,1,0,0.2738,no_transactions_or_rfps
Ohio Wesleyan University,Endowment,United States,451093607,1,0,0.2738,no_transactions_or_rfps
Pacific University,Endowment,United States,329912152,1,0,0.2738,no_transactions_or_rfps
Graduate Theological Union,Endowment,United States,66561346,1,0,0.2725,no_transactions_or_rfps
Central Michigan University,Endowment,United States,1148106683,1,0,0.2719,no_transactions_or_rfps
Hobart and William Smith Colleges,Endowment,United States,429979096,1,0,0.2719,no_transactions_or_rfps
LaGrange College,Endowment,United States,166425494,1,0,0.2719,no_transactions_or_rfps
Manchester University,Endowment,United States,168501629,1,0,0.2719,no_transactions_or_rfps
Medical College of Wisconsin,Endowment,United States,2911550000,1,0,0.2719,no_transactions_or_rfps
Nazareth College,Endowment,United States,285294834,1,0,0.2719,no_transactions_or_rfps
New Jersey Institute of Technology,Endowment,United States,1027326000,1,0,0.2719,no_transactions_or_rfps
Nicholas Endowment,Endowment,United States,48039081,1,0,0.2719,no_transactions_or_rfps
Northwestern University,Endowment,United States,18504104000,1,0,0.2719,no_transactions_or_rfps
Parker University,Endowment,United States,132608000,1,0,0.2719,no_transactions_or_rfps
Agnes Scott College,Endowment,United States,397453376,1,0,0.2700,no_transactions_or_rfps
Jacksonville University,Endowment,United States,366536773,1,0,0.2700,no_transactions_or_rfps
Lasell College,Endowment,United States,134108713,1,0,0.2700,no_transactions_or_rfps
Marietta College,Endowment,United States,196534136,1,0,0.2700,no_transactions_or_rfps
Messiah College,Endowment,United States,315235591,1,0,0.2700,no_transactions_or_rfps
Bahrain Development Bank,Development Bank,Bahrain,606479583,1,0,0.2700,no_transactions_or_rfps
Qatar Development Bank,Development Bank,Qatar,2745110000,1,0,0.2700,no_transactions_or_rfps
Hong Kong Monetary Authority Investment Portfolio,Sovereign Wealth Fund,Hong Kong,514223020000,1,0,0.2681,no_transactions_or_rfps
NSW Generations Fund,Sovereign Wealth Fund,Australia,10124331000,1,0,0.2681,no_transactions_or_rfps
Liberty University,Endowment,United States,4002537835,1,0,0.2681,no_transactions_or_rfps
Museum of Modern Art in New York,Endowment,United States,2538264000,1,0,0.2681,no_transactions_or_rfps
North Park University,Endowment,United States,326942477,1,0,0.2681,no_transactions_or_rfps
Bank Negara Malaysia,Central Bank,Malaysia,140348295360,1,0,0.2681,no_transactions_or_rfps
Arab Bank for Economic Development in Africa,Development Bank,Sudan,5627128000,1,0,0.2681,no_transactions_or_rfps
Christian Theological Seminary,Endowment,United States,170970553,1,0,0.2662,no_transactions_or_rfps
Coastal Education Foundation,Endowment,United States,74413716,1,0,0.2662,no_transactions_or_rfps
College of Central Florida,Endowment,United States,131429306,1,0,0.2662,no_transactions_or_rfps
Friends University,Endowment,United States,127280945,1,0,0.2662,no_transactions_or_rfps
Lehigh University,Endowment,United States,3123140000,1,0,0.2662,no_transactions_or_rfps
Marshall B. Ketchum University,Endowment,United States,105975884,1,0,0.2662,no_transactions_or_rfps
Bank of Lithuania,Central Bank,Lithuania,36041846717,1,0,0.2662,no_transactions_or_rfps
Eastern and Southern African Trade and Development Bank,Development Bank,Burundi,8561399734,1,0,0.2662,no_transactions_or_rfps
KfW,Development Bank,Germany,592059843720,1,0,0.2662,no_transactions_or_rfps
Utah SITFO,Sovereign Wealth Fund,United States,3324034264,1,0,0.2643,no_transactions_or_rfps
Allegheny College,Endowment,United States,421873412,1,0,0.2643,no_transactions_or_rfps
American University in Cairo,Endowment,Egypt,1007858000,1,0,0.2643,no_transactions_or_rfps
Berea College,Endowment,United States,2001003413,1,0,0.2643,no_transactions_or_rfps
College of Saint Rose,Endowment,United States,154535145,1,0,0.2643,no_transactions_or_rfps
Guilford College,Endowment,United States,214106961,1,0,0.2643,no_transactions_or_rfps
Meharry Medical College,Endowment,United States,416193679,1,0,0.2643,no_transactions_or_rfps
"Pennsylvania State University, Office of Investment Management",Endowment,United States,19704296000,1,0,0.2643,no_transactions_or_rfps
3i Group PLC,Asset Manager,United Kingdom,24009463040,1,0,0.2643,no_transactions_or_rfps
Assumption College,Endowment,United States,249199201,1,0,0.2624,no_transactions_or_rfps
Athabasca University,Endowment,Canada,78399000,1,0,0.2624,no_transactions_or_rfps
Babson College,Endowment,United States,1127524372,1,0,0.2624,no_transactions_or_rfps
Chaminade University of Honolulu,Endowment,United States,112004355,1,0,0.2624,no_transactions_or_rfps
Hampton University,Endowment,United States,891896119,1,0,0.2624,no_transactions_or_rfps
Indiana Wesleyan University,Endowment,United States,594204307,1,0,0.2624,no_transactions_or_rfps
LeTourneau University,Endowment,United States,128345849,1,0,0.2624,no_transactions_or_rfps
Mary Baldwin University,Endowment,United States,71020083,1,0,0.2624,no_transactions_or_rfps
Abilene Christian University,Endowment,United States,1255365314,1,0,0.2605,no_transactions_or_rfps
Gonzaga University,Endowment,United States,1082570000,1,0,0.2605,no_transactions_or_rfps
University of Texas Investment Management Company,Sovereign Wealth Fund,United States,66016800000,1,0,0.2588,no_transactions_or_rfps
Carnegie Mellon University,Endowment,United States,6849964000,1,0,0.2586,no_transactions_or_rfps
Illinois Institute of Technology,Endowment,United States,761305000,1,0,0.2586,no_transactions_or_rfps
La Salle University,Endowment,United States,272515762,1,0,0.2586,no_transactions_or_rfps
Olds College,Endowment,Canada,28658863,1,0,0.2586,no_transactions_or_rfps
African Development Bank,Development Bank,Cote D'Ivoire,50911052580,1,0,0.2586,no_transactions_or_rfps
Turkiye Sinai Kalkinma Bankasi A.S.,Development Bank,Turkey,6079790910,1,0,0.2586,no_transactions_or_rfps
Druk Holding and Investments,Sovereign Wealth Fund,Bhutan,3258315564,1,0,0.2567,no_transactions_or_rfps
North Dakota Legacy Fund,Sovereign Wealth Fund,United States,8998684836,1,0,0.2567,no_transactions_or_rfps
Alfred University,Endowment,United States,386336406,1,0,0.2567,no_transactions_or_rfps
Biola University,Endowment,United States,465270000,1,0,0.2567,no_transactions_or_rfps
Boston College,Endowment,United States,6667643000,1,0,0.2567,no_transactions_or_rfps
Carleton University,Endowment,United States,1939359000,1,0,0.2567,no_transactions_or_rfps
Five Colleges,Endowment,United States,37135646,1,0,0.2567,no_transactions_or_rfps
Mercy College,Endowment,United States,626665016,1,0,0.2567,no_transactions_or_rfps
Clarke University,Endowment,United States,75835703,1,0,0.2548,no_transactions_or_rfps
Keck Graduate Institute of Applied Life Sciences,Endowment,United States,121856519,1,0,0.2548,no_transactions_or_rfps
Loyola University of Chicago,Endowment,United States,2422434000,1,0,0.2548,no_transactions_or_rfps
McDaniel College,Endowment,United States,236481387,1,0,0.2548,no_transactions_or_rfps
Nevada System of Higher Education,Endowment,United States,4139051000,1,0,0.2548,no_transactions_or_rfps
Saudi Central Bank,Central Bank,Saudi Arabia,490654000000,1,0,0.2548,no_transactions_or_rfps
Carroll College,Endowment,United States,120754869,1,0,0.2529,no_transactions_or_rfps
Davidson College,Endowment,United States,1807791719,1,0,0.2529,no_transactions_or_rfps
Harvey Mudd College,Endowment,United States,620812431,1,0,0.2529,no_transactions_or_rfps
Holy Names University,Endowment,United States,93790592,1,0,0.2529,no_transactions_or_rfps
Long Island University,Endowment,United States,871358980,1,0,0.2529,no_transactions_or_rfps
Morningside College,Endowment,United States,147946360,1,0,0.2529,no_transactions_or_rfps
Northern Arizona University,Endowment,United States,285389624,1,0,0.2529,no_transactions_or_rfps
Swiss National Bank,Central Bank,Switzerland,1037145564215,1,0,0.2529,no_transactions_or_rfps
Innovation Norway,Development Bank,Norway,2743839271,1,0,0.2529,no_transactions_or_rfps
National Development Bank of Papua New Guinea,Development Bank,Papua New Guinea,194379799,1,0,0.2529,no_transactions_or_rfps
Malta Government Investments,Sovereign Wealth Fund,Malta,17353860046,1,0,0.2510,no_transactions_or_rfps
Church Commissioners for England,Endowment,United Kingdom,13624294000,1,0,0.2510,no_transactions_or_rfps
High Point University,Endowment,United States,1058111000,1,0,0.2510,no_transactions_or_rfps
Lake Forest College,Endowment,United States,244551905,1,0,0.2510,no_transactions_or_rfps
Lyon College,Endowment,United States,114547057,1,0,0.2510,no_transactions_or_rfps
Development Bank of Namibia,Development Bank,Namibia,3080973817,1,0,0.2510,no_transactions_or_rfps
Clarkson University,Endowment,United States,450628637,1,0,0.2490,no_transactions_or_rfps
Doane University,Endowment,United States,193560720,1,0,0.2490,no_transactions_or_rfps
Knox College,Endowment,United States,266274982,1,0,0.2490,no_transactions_or_rfps
Meadville Lombard Theological School,Endowment,United States,31570214,1,0,0.2490,no_transactions_or_rfps
Middle Tennessee State University,Endowment,United States,728401823.7,1,0,0.2490,no_transactions_or_rfps
Moody Bible Institute of Chicago,Endowment,United States,517402862,1,0,0.2490,no_transactions_or_rfps
Ohio Dominican University,Endowment,United States,77838919,1,0,0.2490,no_transactions_or_rfps
Instituto de Credito Oficial,Development Bank,Spain,31814308396,1,0,0.2490,no_transactions_or_rfps
Hillsborough Community College Foundation,Endowment,United States,29037973,1,0,0.2477,no_transactions_or_rfps
Baylor College of Medicine,Endowment,United States,2788399000,1,0,0.2471,no_transactions_or_rfps
Framingham State University,Endowment,United States,332129437,1,0,0.2471,no_transactions_or_rfps
Garrett-Evangelical Theological Seminary,Endowment,United States,130934542,1,0,0.2471,no_transactions_or_rfps
Inter American University of Puerto Rico,Endowment,Puerto Rico,741153164,1,0,0.2471,no_transactions_or_rfps
Iowa State University & Foundation,Endowment,United States,1875022805,1,0,0.2471,no_transactions_or_rfps
Palmer College of Chiropractic,Endowment,United States,269720272,1,0,0.2471,no_transactions_or_rfps
Development Bank of Southern Africa,Development Bank,South Africa,5799921499,1,0,0.2471,no_transactions_or_rfps
Al Imtiaz Investment Group,Asset Manager,Kuwait,759811929,1,0,0.2464,no_transactions_or_rfps
Florida Prepaid College Board,Endowment,United States,16452560000,1,0,0.2452,no_transactions_or_rfps
Georgetown University,Endowment,United States,5656709000,1,0,0.2452,no_transactions_or_rfps
Asian Infrastructure Investment Bank,Development Bank,China,53048585000,1,0,0.2440,no_transactions_or_rfps
Labouré College,Endowment,United States,46254631,1,0,0.2433,no_transactions_or_rfps
Nebraska Wesleyan University,Endowment,United States,153945000,1,0,0.2433,no_transactions_or_rfps
New York University,Endowment,United States,32588729000,1,0,0.2433,no_transactions_or_rfps
Nanyang Technological University,Endowment,Singapore,5824412822,1,0,0.2432,no_transactions_or_rfps
Adelphi University,Endowment,United States,595552292,1,0,0.2414,no_transactions_or_rfps
Brock University,Endowment,Canada,840742000,1,0,0.2414,no_transactions_or_rfps
Colorado School of Mines,Endowment,United States,783540000,1,0,0.2414,no_transactions_or_rfps
Concordia College,Endowment,United States,365441053,1,0,0.2414,no_transactions_or_rfps
Grand Valley State University,Endowment,United States,1480022000,1,0,0.2414,no_transactions_or_rfps
KU Endowment,Endowment,United States,2766269000,1,0,0.2414,no_transactions_or_rfps
Bank of Jamaica,Central Bank,Jamaica,6825459684,1,0,0.2414,no_transactions_or_rfps
Asian Development Bank,Development Bank,Philippines,271741000000,1,0,0.2414,no_transactions_or_rfps
Development Bank of Japan,Development Bank,Japan,161985459312,1,0,0.2414,no_transactions_or_rfps
Palestine Investment Fund,Sovereign Wealth Fund,Palestine,957083000,1,0,0.2395,no_transactions_or_rfps
Bolton Hospice Ltd,Endowment,United Kingdom,18061309,1,0,0.2395,no_transactions_or_rfps
Guide Dogs for the Blind,Endowment,United States,485530000,1,0,0.2395,no_transactions_or_rfps
Minneapolis College of Art and Design,Endowment,United States,102060839,1,0,0.2395,no_transactions_or_rfps
Nature Conservancy,Endowment,United States,9575386000,1,0,0.2395,no_transactions_or_rfps
California Infrastructure and Economic Development Bank,Development Bank,United States,997440779,1,0,0.2395,no_transactions_or_rfps
Development Bank of Kenya,Development Bank,Kenya,122640006,1,0,0.2395,no_transactions_or_rfps
Mauritius Investment Corporation,Sovereign Wealth Fund,Mauritius,1847222723,1,0,0.2387,no_transactions_or_rfps
Turkey Wealth Fund,Sovereign Wealth Fund,Turkey,279261454214,1,0,0.2384,no_transactions_or_rfps
Solidium,Sovereign Wealth Fund,Finland,8702483872,1,0,0.2376,no_transactions_or_rfps
Auburn Theological Seminary,Endowment,United States,30466697,1,0,0.2376,no_transactions_or_rfps
Manhattanville College,Endowment,United States,90920806,1,0,0.2376,no_transactions_or_rfps
New Mexico State University & Foundation,Endowment,United States,819918479,1,0,0.2376,no_transactions_or_rfps
Peirce College,Endowment,United States,35901123,1,0,0.2376,no_transactions_or_rfps
National Bank of Angola,Central Bank,Angola,10832800000,1,0,0.2376,no_transactions_or_rfps
Qatar Central Bank,Central Bank,Qatar,75170904503,1,0,0.2376,no_transactions_or_rfps
British International Investment,Development Bank,United Kingdom,9907137702,1,0,0.2365,no_transactions_or_rfps
Export Development Bank of Egypt,Development Bank,Egypt,3901324423,1,0,0.2365,no_transactions_or_rfps
Fondo de Ahorro de Panama,Sovereign Wealth Fund,Panama,1432827135,1,0,0.2357,no_transactions_or_rfps
Polish Development Fund,Sovereign Wealth Fund,Poland,20251547110,1,0,0.2357,no_transactions_or_rfps
Baylor University,Endowment,United States,3933434000,1,0,0.2357,no_transactions_or_rfps
Macalester College,Endowment,United States,1136616000,1,0,0.2357,no_transactions_or_rfps
Pitzer College,Endowment,United States,315510897,1,0,0.2357,no_transactions_or_rfps
Central Bank of Solomon Islands,Central Bank,Solomon Islands,612940000,1,0,0.2357,no_transactions_or_rfps
National Investment Corporation,Sovereign Wealth Fund,Kazakhstan,99399644,1,0,0.2338,no_transactions_or_rfps
Hope College,Endowment,United States,496374000,1,0,0.2338,no_transactions_or_rfps
Lafayette College,Endowment,United States,1649595000,1,0,0.2338,no_transactions_or_rfps
Central Bank of the United Arab Emirates,Central Bank,United Arab Emirates,141980792069,1,0,0.2338,no_transactions_or_rfps
Bethany Lutheran College,Endowment,United States,102688428,1,0,0.2319,no_transactions_or_rfps
East Carolina University,Endowment,United States,209953750,1,0,0.2319,no_transactions_or_rfps
Central Bank of Malta,Central Bank,Malta,6742100000,1,0,0.2319,no_transactions_or_rfps
South African Reserve Bank,Central Bank,South Africa,62330900000,1,0,0.2319,no_transactions_or_rfps
Council of Europe Development Bank,Development Bank,France,33649104067,1,0,0.2319,no_transactions_or_rfps
Goucher College,Endowment,United States,461841000,1,0,0.2300,no_transactions_or_rfps
Le Moyne College,Endowment,United States,340453574,1,0,0.2300,no_transactions_or_rfps
Occidental College,Endowment,United States,924234652,1,0,0.2300,no_transactions_or_rfps
Monetary Authority of Brunei Darussalam,Central Bank,Brunei,4224950000,1,0,0.2300,no_transactions_or_rfps
Bank of Zambia,Central Bank,Zambia,3891590000,3,0,0.2294,no_transactions_or_rfps
Timor-Leste Petroleum Fund,Sovereign Wealth Fund,East Timor,16921859000,1,0,0.2281,no_transactions_or_rfps
College of Coastal Georgia,Endowment,United States,14249154,1,0,0.2281,no_transactions_or_rfps
Caribbean Development Bank,Development Bank,Barbados,2087424000,1,0,0.2275,no_transactions_or_rfps
Mumtalakat Holding,Sovereign Wealth Fund,Bahrain,17641603706,1,0,0.2274,no_transactions_or_rfps
Hellenic Corporation of Assets and Participations S.A.,Sovereign Wealth Fund,Greece,7603983065,1,0,0.2262,no_transactions_or_rfps
Ireland Strategic Investment Fund,Sovereign Wealth Fund,Ireland,9257010000,1,0,0.2262,no_transactions_or_rfps
Ferrum College,Endowment,United States,549433688,1,0,0.2262,no_transactions_or_rfps
Oregon Health and Science University Foundation,Endowment,United States,1616758000,1,0,0.2262,no_transactions_or_rfps
Development Bank of Ethiopia,Development Bank,Ethiopia,2426984274,1,0,0.2262,no_transactions_or_rfps
Augsburg College,Endowment,United States,220780212,1,0,0.2243,no_transactions_or_rfps
LICR Fund,Endowment,United States,1762006691,1,0,0.2243,no_transactions_or_rfps
Northern Michigan University,Endowment,United States,511017336,1,0,0.2243,no_transactions_or_rfps
Central Bank of Iraq,Central Bank,Iraq,83250500000,1,0,0.2243,no_transactions_or_rfps
Small Industries Development Bank of India,Development Bank,India,48537013830,1,0,0.2243,no_transactions_or_rfps
Arta Finance,Asset Manager,United States,7256827,1,0,0.2243,no_transactions_or_rfps
Columbia College,Endowment,United States,500984193,1,0,0.2224,no_transactions_or_rfps
Cottey College,Endowment,United States,116617263,1,0,0.2224,no_transactions_or_rfps
Kenyon College,Endowment,United States,1111805710,1,0,0.2224,no_transactions_or_rfps
New York Community Trust,Endowment,United States,2900000000,1,0,0.2224,no_transactions_or_rfps
Bank of Japan,Central Bank,Japan,5156691776599,1,0,0.2224,no_transactions_or_rfps
Australian National University,Endowment,Australia,3558256470,1,0,0.2205,no_transactions_or_rfps
Chatham University,Endowment,United States,222800581,1,0,0.2205,no_transactions_or_rfps
Florida Institute of Technology,Endowment,United States,245015032,1,0,0.2205,no_transactions_or_rfps
Bank of Estonia,Central Bank,Estonia,10455500000,1,0,0.2205,no_transactions_or_rfps
Anima SGR.p.A.,Asset Manager,Italy,2710508282,1,0,0.2205,no_transactions_or_rfps
Louisiana Education Quality Trust Fund,Sovereign Wealth Fund,United States,1502650000,1,0,0.2186,no_transactions_or_rfps
Arcadia University,Endowment,United States,270114000,1,0,0.2186,no_transactions_or_rfps
Muskingum University,Endowment,United States,151775906,1,0,0.2186,no_transactions_or_rfps
Brazilian Development Bank,Development Bank,Brazil,147970878945,1,0,0.2186,no_transactions_or_rfps
Affiliated Managers Group,Asset Manager,United States,9059600000,1,0,0.2186,no_transactions_or_rfps
National Museum of the Royal Navy,Endowment,United Kingdom,274342581,1,0,0.2185,no_transactions_or_rfps
Chile Pension Reserve Fund,Sovereign Wealth Fund,Chile,6450928341.54,1,0,0.2167,no_transactions_or_rfps
Drury University,Endowment,United States,188773005,1,0,0.2167,no_transactions_or_rfps
Northwood University,Endowment,United States,203257987,1,0,0.2167,no_transactions_or_rfps
Oxford University Endowment,Endowment,United Kingdom,5390900666,1,0,0.2167,no_transactions_or_rfps
Central Bank of China,Central Bank,Taiwan,640818000000,1,0,0.2167,no_transactions_or_rfps
Central Bank of Ecuador,Central Bank,Ecuador,7474890228.5,1,0,0.2167,no_transactions_or_rfps
Ahmed Salem Bugshan Group,Family Office,Saudi Arabia,26663837,1,0,0.2155,no_transactions_or_rfps
AllianceBernstein L.P.,Asset Manager,United States,1989713000,2,0,0.2152,no_transactions_or_rfps
Heritage and Stabilization Fund,Sovereign Wealth Fund,Trinidad and Tobago,5623159544,1,0,0.2148,no_transactions_or_rfps
Cedarville University,Endowment,United States,224265347,1,0,0.2148,no_transactions_or_rfps
College of St. Scholastica,Endowment,United States,168795309,1,0,0.2148,no_transactions_or_rfps
Molloy College,Endowment,United States,207462613,1,0,0.2148,no_transactions_or_rfps
Adrigo Asset Management,Asset Manager,Sweden,78285377,1,0,0.2148,no_transactions_or_rfps
Fairleigh Dickinson University,Endowment,United States,464494000,1,0,0.2129,no_transactions_or_rfps
Institute for Advanced Study,Endowment,United States,1323473928,1,0,0.2129,no_transactions_or_rfps
Bank of Thailand,Central Bank,Thailand,195985094111,1,0,0.2129,no_transactions_or_rfps
Central Bank of Liberia,Central Bank,Liberia,402938707.79,1,0,0.2129,no_transactions_or_rfps
ARA Asset Management Limited,Asset Manager,Singapore,3549112000,1,0,0.2129,no_transactions_or_rfps
"Apollo Management, L.P.",Asset Manager,United States,7348244000,1,0,0.2126,no_transactions_or_rfps
Carroll University,Endowment,United States,131846381,1,0,0.2110,no_transactions_or_rfps
Central Bank of Uruguay,Central Bank,Uruguay,21223400000,1,0,0.2110,no_transactions_or_rfps
Acadia University,Endowment,Canada,304114000,1,0,0.2091,no_transactions_or_rfps
Barry University,Endowment,United States,229064899,1,0,0.2091,no_transactions_or_rfps
Choate Rosemary Hall,Endowment,United States,781507671,1,0,0.2091,no_transactions_or_rfps
Delaware State University,Endowment,United States,403070887,1,0,0.2091,no_transactions_or_rfps
Hartwick College,Endowment,United States,142667541,1,0,0.2091,no_transactions_or_rfps
Bank of Mexico,Central Bank,Mexico,201852000000,1,0,0.2091,no_transactions_or_rfps
People's Bank of China,Central Bank,China,5144760000000,1,0,0.2089,no_transactions_or_rfps
Sociedad Estatal de Participaciones Industriales,Sovereign Wealth Fund,Spain,14504549197,1,0,0.2072,no_transactions_or_rfps
Wyoming State Loan and Investment Board,Sovereign Wealth Fund,United States,23314506572,1,0,0.2072,no_transactions_or_rfps
Archdiocese of New Orleans,Endowment,United States,26245229,1,0,0.2072,no_transactions_or_rfps
Laval University,Endowment,Canada,36656000,1,0,0.2072,no_transactions_or_rfps
Open University,Endowment,United Kingdom,818517774,1,0,0.2072,no_transactions_or_rfps
Central Bank of Iceland,Central Bank,Iceland,7267014180.89,1,0,0.2072,no_transactions_or_rfps
Bangladesh Development Bank,Development Bank,Bangladesh,583054469,1,0,0.2072,no_transactions_or_rfps
CDC Group,Development Bank,United Kingdom,7446760000,1,0,0.2072,no_transactions_or_rfps
Endicott College,Endowment,United States,468482984,1,0,0.2053,no_transactions_or_rfps
Bank of Portugal,Central Bank,Portugal,227513000000,1,0,0.2053,no_transactions_or_rfps
Central Bank of Paraguay,Central Bank,Paraguay,7758214041.64,1,0,0.2053,no_transactions_or_rfps
Humber College,Endowment,Canada,810544993,1,0,0.2050,no_transactions_or_rfps
Little Red River Cree Nation Sovereign Wealth Fund,Sovereign Wealth Fund,Canada,28506118,1,0,0.2034,no_transactions_or_rfps
Christian Brothers Investment Services Inc.,Endowment,United States,648239204.78,1,0,0.2034,no_transactions_or_rfps
City University of Hong Kong,Endowment,Hong Kong,502496300,1,0,0.2034,no_transactions_or_rfps
Heriot-Watt University,Endowment,United Kingdom,370212652,1,0,0.2034,no_transactions_or_rfps
Mount Allison University,Endowment,United States,300934355,1,0,0.2034,no_transactions_or_rfps
Carl Bennet AB,Family Office,Sweden,16231055607,1,0,0.2034,no_transactions_or_rfps
Allan Gray Ltd.,Asset Manager,South Africa,172708550900,1,0,0.2034,no_transactions_or_rfps
Hellenic Development Bank,Development Bank,Greece,21330008699,1,0,0.2027,no_transactions_or_rfps
Brookings Institution,Endowment,United States,528999000,1,0,0.2015,no_transactions_or_rfps
Central Piedmont Community College Foundation,Endowment,United States,546391192,1,0,0.2015,no_transactions_or_rfps
DePauw University,Endowment,United States,738321000,1,0,0.2015,no_transactions_or_rfps
Florida A&M University,Endowment,United States,98430706,1,0,0.2015,no_transactions_or_rfps
Louisiana State University System,Endowment,United States,2373033164,1,0,0.2015,no_transactions_or_rfps
Michigan Technological University,Endowment,United States,564672988,1,0,0.2015,no_transactions_or_rfps
Pepperdine University,Endowment,United States,1931158000,1,0,0.2015,no_transactions_or_rfps
Oesterreichische Beteiligungs AG,Sovereign Wealth Fund,Austria,3983315867,1,0,0.1996,no_transactions_or_rfps
State Oil Fund of Azerbaijan,Sovereign Wealth Fund,Azerbaijan,56069700000,1,0,0.1996,no_transactions_or_rfps
Crestlea Foundation,Endowment,United States,17950162,1,0,0.1996,no_transactions_or_rfps
Emmanuel College,Endowment,United States,445147036,1,0,0.1996,no_transactions_or_rfps
Lycoming College,Endowment,United States,298805000,1,0,0.1996,no_transactions_or_rfps
Central Bank of Argentina,Central Bank,Argentina,159567000000,1,0,0.1996,no_transactions_or_rfps
Central Bank of Myanmar,Central Bank,Myanmar,14143100000,1,0,0.1996,no_transactions_or_rfps
Development Bank of Austria,Development Bank,Austria,1466838949,1,0,0.1996,no_transactions_or_rfps
Ghana Minerals Income Investment Fund,Sovereign Wealth Fund,Ghana,310297600,1,0,0.1989,no_transactions_or_rfps
East Tennessee State University,Endowment,United States,644079873.19,1,0,0.1977,no_transactions_or_rfps
Emporia State University Foundation,Endowment,United States,107565158,1,0,0.1977,no_transactions_or_rfps
Flagler College,Endowment,United States,240182513,1,0,0.1977,no_transactions_or_rfps
Maryville University of St. Louis,Endowment,United States,231199275,1,0,0.1977,no_transactions_or_rfps
Pittsburg State University Foundation,Endowment,United States,117073951,1,0,0.1977,no_transactions_or_rfps
Development Bank of Nigeria,Development Bank,Nigeria,706676499,1,0,0.1977,no_transactions_or_rfps
National Development Bank of Sri Lanka,Development Bank,Sri Lanka,2395996200,1,0,0.1977,no_transactions_or_rfps
Kahnawake Sovereign Wealth Fund,Sovereign Wealth Fund,Canada,23829664,1,0,0.1970,no_transactions_or_rfps
State Capital Investment Corporation,Sovereign Wealth Fund,Vietnam,2402140000,1,0,0.1958,no_transactions_or_rfps
Loma Linda University,Endowment,United States,2016314000,1,0,0.1958,no_transactions_or_rfps
Luther Seminary,Endowment,United States,151011872,1,0,0.1958,no_transactions_or_rfps
Olivet Nazarene University,Endowment,United States,272478399,1,0,0.1958,no_transactions_or_rfps
Florida Southern College,Endowment,United States,271961849,1,0,0.1939,no_transactions_or_rfps
Harford Community College Foundation,Endowment,United States,18413309,1,0,0.1939,no_transactions_or_rfps
Kalamazoo Valley Community College,Endowment,United States,31618922,1,0,0.1939,no_transactions_or_rfps
Minnesota State University,Endowment,United States,77015000,1,0,0.1939,no_transactions_or_rfps
Murray State University,Endowment,United States,158062479,1,0,0.1939,no_transactions_or_rfps
Central Bank of Costa Rica,Central Bank,Costa Rica,10137488988.35,1,0,0.1939,no_transactions_or_rfps
Asyaf Investments,Asset Manager,Saudi Arabia,2991005,1,0,0.1934,no_transactions_or_rfps
Austin Community College,Endowment,United States,1319951892,1,0,0.1920,no_transactions_or_rfps
"Beijing State-Owned Assets Management Co., Ltd.",Sovereign Wealth Fund,China,27986982351,1,0,0.1901,no_transactions_or_rfps
Franklin & Marshall College,Endowment,United States,782792000,1,0,0.1901,no_transactions_or_rfps
Merrimack College,Endowment,United States,261030125,1,0,0.1901,no_transactions_or_rfps
Luther College,Endowment,United States,330104834,1,0,0.1892,no_transactions_or_rfps
Emirates Investment Authority,Sovereign Wealth Fund,United Arab Emirates,87000000000,1,0,0.1882,no_transactions_or_rfps
